feature,auc,auc_strength,auc_bull,auc_bear,spear_abs,spear_signed
htf_pivot_dist_pct,0.6346773012402277,0.1346773012402277,0.633917385652137,0.6356387152831896,0.1885377316920999,0.0256680583611652
htf_bbw_ema50,0.45761920555418456,0.04238079444581544,0.44532350400349235,0.4731752229910718,-0.10364050297880034,-0.03552901952959533
htf_bbw_ema100,0.45775767697144193,0.04224232302855807,0.4455621192950278,0.4731869964848273,-0.10395299379018272,-0.03528339397089015
htf_bbw_ema10,0.4580884995406184,0.04191150045938158,0.4461125986847907,0.4732399182512653,-0.10614159024225689,-0.03543636248464191
htf_bb_bandwidth,0.4581266439664143,0.04187335603358572,0.4464016068935277,0.4729606801051413,-0.10859170645852388,-0.03565528397913343
htf_plus_di,0.4588513317292837,0.04114866827071628,0.44687781959593814,0.47399972832619164,-0.14418802314359613,-0.034731662241620415
htf_minus_di,0.45918731193231704,0.040812688067682956,0.4467124795405205,0.4749699583644033,-0.12498677827458832,-0.03682816548057873
htf_rsi,0.45961492219928424,0.04038507780071576,0.4478760099863476,0.47446651259627537,-0.14903947981710577,-0.03285096449394979
htf_trend_state,0.4599955205773204,0.040004479422679595,0.4464066900372299,0.47718755178896366,-0.13387254514582878,-0.036952054710543754
htf_adx,0.4602905199861309,0.03970948001386909,0.44805086776496317,0.47577562610951435,-0.13189213329174412,-0.03573012621926382
ltf_bbw_ema100,0.4617415476484061,0.03825845235159392,0.4631733899835749,0.4599300394362941,-0.1721914966083226,-0.010704502076535205
ltf_bbw_ema50,0.46204672072987535,0.03795327927012465,0.4634585527108137,0.460260528797444,-0.17320276093578174,-0.010688551278329022
ltf_adx,0.4622207525117389,0.037779247488261114,0.4631432764345742,0.4610536130711461,-0.18675380774189662,-0.012646170686859241
ltf_plus_di,0.46225672309411664,0.03774327690588336,0.46325687010796934,0.46099137810157587,-0.18932009995787855,-0.012153617758244447
ltf_bbw_ema10,0.4623234598151275,0.03767654018487249,0.46371519008890744,0.4605626997383556,-0.17596812827921363,-0.010864754082221545
ltf_rsi,0.4623661135286997,0.03763388647130028,0.46326415697895074,0.4612299457782393,-0.19001360944582216,-0.012264316783192697
ltf_bb_bandwidth,0.46238198693644644,0.03761801306355356,0.4637029306605067,0.46071078309989344,-0.17733009569564,-0.010963871286029166
ltf_minus_di,0.4624953173651092,0.03750468263489082,0.46325831120720323,0.46153000884140116,-0.18852119016921615,-0.012198520729603266
htf_retrace_pct,0.46326916191977474,0.03673083808022526,0.4508437538990576,0.4789892786641364,-0.13354883266947185,-0.03350138130201955
p2_bbw_ema50,0.4658371236157307,0.03416287638426929,0.4695805081357769,0.4611011470123027,0.37583525431260273,0.020689375853445918
p2_bbw_ema100,0.4666305352861738,0.03336946471382618,0.4731276733986117,0.4584106225507954,0.40333926862870373,0.024904812960376433
p3_bbw_ema50,0.4666371572343201,0.03336284276567991,0.4718239863151325,0.46007499375868444,0.3634381103383132,0.021402445155845322
p1_bbw_ema100,0.4666944136905532,0.0333055863094468,0.4722719734337306,0.4596379138021623,0.4203625176312297,0.023800684565513923
p3_bbw_ema10,0.46841251429337494,0.03158748570662506,0.4708039544383374,0.46538696227904414,0.29824638775427004,0.016675719386133304
p1_bbw_ema50,0.46882607227088435,0.031173927729115647,0.47170223603398376,0.46518726781018244,0.3948272452348835,0.01949399803749791
p3_bbw_ema100,0.46940460305446907,0.030595396945530928,0.47719983938893396,0.4595423896749677,0.39123705891765187,0.02631221324882884
p3_bb_bandwidth,0.4701122232718743,0.029887776728125703,0.47273923734111567,0.4667886327878676,0.271960594733411,0.017324846340628513
curr_bbw_ema100,0.4701276145960467,0.029872385403953317,0.4728331045777247,0.46670473960540104,0.43410468450885914,0.0210572328604441
p4_bbw_ema50,0.47154800023387233,0.028451999766127667,0.47887664285217035,0.46227610209215636,0.3548001871711572,0.02421366128437003
p2_bbw_ema10,0.4728410820117287,0.027158917988271303,0.4753160517886302,0.4697098517320639,0.31342995759831194,0.018569238377189306
p4_bbw_ema10,0.4729870950651759,0.02701290493482411,0.47709881464642934,0.46778511604528283,0.2928853454633592,0.017944692382572826
p5_bbw_ema10,0.47351716460139626,0.026482835398603743,0.47915922558056356,0.4663790603939981,0.2823102390668954,0.01985716525481056
p4_bbw_ema100,0.47389905170808494,0.02610094829191506,0.4834827847944314,0.461774105572475,0.38055059840383854,0.028851613245247473
ltf_stoch_d,0.5256364326044384,0.025636432604438375,0.5246249027869198,0.526916178653444,0.030131307066566484,0.0023415862485722354
p2_bb_bandwidth,0.4745725121671106,0.025427487832889395,0.4772607460013908,0.4711714689465928,0.289151192319002,0.01990933641753077
p5_bbw_ema50,0.47465899022991287,0.02534100977008713,0.48283422789093006,0.4643160147533879,0.3440065907849321,0.024892116948066277
curr_bbw_ema50,0.4749050505808865,0.0250949494191135,0.4742993381958335,0.47567137305421386,0.40937411743607643,0.016769497607051646
p4_bb_bandwidth,0.47539629529696736,0.024603704703032636,0.47925504824694865,0.4705143592864786,0.26906514478290183,0.018054098513169612
p5_bb_bandwidth,0.4754895151489979,0.0245104848510021,0.4807221606434755,0.4688693866254199,0.2578622748621396,0.019340196900535497
ltf_stoch_k,0.523975701695047,0.023975701695047036,0.5238575487428812,0.5241251839654596,0.027307635790744522,0.0025807684244026807
p3_leg_size_pct,0.47624913726706175,0.02375086273293825,0.4797748322925809,0.4717885724861092,0.2298783247186631,0.013988286217947512
p5_bbw_ema100,0.4777290194376163,0.02227098056238369,0.48789013015762767,0.4648735987943154,0.369463555693579,0.0293527941630782
p5_leg_size_pct,0.4779456996887908,0.022054300311209196,0.4807785627775596,0.4743616774657792,0.2147667519388542,0.014064958123095547
leg_size_stddev,0.4783247700444744,0.02167522995552562,0.4869606201085057,0.4673990466423111,0.30564500698822544,0.018213654884729646
p6_bbw_ema10,0.4786890412890469,0.02131095871095312,0.4853141638860377,0.47030720783160557,0.2770673728590414,0.016935855430261836
p1_leg_size_pct,0.47896990119827665,0.02103009880172335,0.47837393117253446,0.4797238980380736,0.2491612173373239,0.009227243847998152
p6_bb_bandwidth,0.4790372128457098,0.020962787154290174,0.48559972166364573,0.4707345957741538,0.2530647215928636,0.015117319869077966
p6_bbw_ema50,0.479097799796322,0.020902200203678,0.48896612982175414,0.466612793282811,0.33531982889969686,0.026256934619104874
p1_bbw_ema10,0.4795285531238853,0.020471446876114685,0.4797236923963364,0.47928167091774565,0.3323212896363391,0.014136147161525262
p3_leg_speed,0.48013200094668473,0.019867999053315266,0.48023594718532947,0.4800004924276962,0.19665704401255202,0.007372730516390642
p7_bbw_ema10,0.48073104359000574,0.019268956409994265,0.48885128422817503,0.4704576480917253,0.2654315871349581,0.02165309090769459
p1_bb_bandwidth,0.4812660547742107,0.018733945225789306,0.48118713353692394,0.48136590268758994,0.3043075700777519,0.012504112200662821
p7_bbw_ema50,0.48136930223651153,0.01863069776348847,0.4929434757251052,0.46672613251871836,0.3229792124460979,0.030185263348201364
p2_leg_size_pct,0.481421232854063,0.01857876714593698,0.4812207486371279,0.48167487726480335,0.24650743006931877,0.011054268141146108
p7_bb_bandwidth,0.4818354601546977,0.018164539845302308,0.4889006331830455,0.472896892935049,0.24531597981432085,0.019212855327568824
p6_bbw_ema100,0.48184653117873166,0.018153468821268337,0.49326401354367316,0.46740160064572106,0.3592055820089651,0.030693483353539653
p4_leg_size_pct,0.4820138431195716,0.017986156880428428,0.48724719750555234,0.4753928177355305,0.223043058617294,0.01316299172145192
p5_leg_speed,0.4825316067053415,0.01746839329465849,0.4831499499898574,0.48174930413592293,0.18048923035557846,0.011127473023536512
p8_ema200_dist,0.5173214687109073,0.01732146871090734,0.5184779746840887,0.5158583047742663,-0.030410757790693813,-0.005283477328620053
p4_minus_di,0.483230194556729,0.016769805443271002,0.4731546206328141,0.4959773975529045,0.040231615497882255,-0.0033965222263036116
p4_leg_speed,0.48330556197218977,0.016694438027810232,0.484179795182116,0.4821995179614881,0.1899791617306306,0.010298187619771018
p7_ema200_dist,0.5165758711071398,0.01657587110713976,0.5170681345061738,0.5159530796391341,-0.03373731299314782,-0.003455034665453068
p7_leg_size_pct,0.48390524441538746,0.01609475558461254,0.4889351524478266,0.4775416110158636,0.20453400568769362,0.012855905049920034
p4_ema200_dist,0.516036791347338,0.016036791347338042,0.5213913915204196,0.5092623707649417,-0.04662043461311093,-0.003410534817703036
bars_since_large_leg,0.5160284337429387,0.01602843374293872,0.5291888671904305,0.4993783929671322,-0.04883837149644026,0.009849546011589534
curr_ema200_dist,0.5157068247581421,0.015706824758142113,0.5356394843526882,0.4904888411450937,-0.06003238178140346,0.0023505561030876163
p6_ema200_dist,0.5153974275213247,0.01539742752132467,0.5167441313029857,0.5136936331161439,-0.040514836931551244,-0.004827894532415702
p7_bbw_ema100,0.48464701992383863,0.015352980076161371,0.49720951824816983,0.46875346214850705,0.3471898608109681,0.03257731101348874
p6_leg_speed,0.4849078824936337,0.015092117506366298,0.4878506793705889,0.48118477654946296,0.17772447469185004,0.009397724938571718
p2_ema200_dist,0.514996192392441,0.014996192392440988,0.5272151938074581,0.499537212822247,-0.05475088147899968,-0.0033357033793349746
p3_ema200_dist,0.5149910382547584,0.014991038254758449,0.523045529664238,0.5048008259846772,-0.048645436860685336,-0.003086139798848339
p6_leg_size_pct,0.4850475206619107,0.014952479338089297,0.49295558909615106,0.4750425567362684,0.21168873562307788,0.01568175230402364
p8_leg_speed,0.4853487937610719,0.014651206238928127,0.49398843611480614,0.474418272509473,0.16857497583861328,0.018441896918308828
p5_ema200_dist,0.5145925124666395,0.014592512466639507,0.5174380146722556,0.5109924997512387,-0.04100549256967246,-0.0022735753976425477
p8_bbw_ema50,0.4854133898523195,0.014586610147680479,0.49771368980584235,0.4698515547047213,0.31455629666662804,0.029107029848946142
p1_ema200_dist,0.5145097030559531,0.014509703055953116,0.5283229974605891,0.4970336893666589,-0.056562209072612446,-0.0029880349873422983
p7_leg_speed,0.4857129140874585,0.01428708591254152,0.4895705829682,0.48083234959692145,0.17062425269480225,0.012805414175665622
p8_bbw_ema10,0.4859347181761392,0.014065281823860798,0.49742809168858393,0.47139377327509946,0.26201457573674014,0.02535911128657904
p2_leg_speed,0.4863036399150791,0.013696360084920922,0.48837008053729825,0.4836892639708513,0.20470191138920196,0.009172295281529677
trend2_bars,0.5136733828396856,0.013673382839685555,0.5174042768143226,0.5089532087621549,0.011805268622414065,0.009786976943031456
p3_minus_di,0.48646264883068335,0.013537351169316647,0.4744169449689293,0.5017023794422706,0.033435094362281446,-0.004303962738039239
p8_minus_di,0.48685436076953936,0.013145639230460637,0.4787594506037577,0.4970957091927895,0.028401879994130262,-0.002436958016274006
p8_bb_bandwidth,0.4870498670244326,0.012950132975567408,0.4987682534666204,0.4722242449909675,0.2408695063971701,0.024358330971664902
trend4_bars,0.5121858267610176,0.012185826761017649,0.5093688841460341,0.5157497070533891,0.008148223201666686,-0.005165894998383948
trend2_size_pct,0.5120036925954705,0.012003692595470516,0.5122073930336739,0.5117459791534578,0.057898370347366106,0.00507644290322442
p5_minus_di,0.48815043410711045,0.011849565892889546,0.4809932813470741,0.49720537031181344,0.03088012609424981,-0.00811168817529863
p11_leg_speed,0.4882649485734317,0.011735051426568277,0.4897550996587898,0.4863796705214346,0.1455099550953267,0.01245257846990282
p7_minus_di,0.4884506890426549,0.011549310957345127,0.48210730565249665,0.496476077607865,0.026221953449720916,-0.006100756604512804
p8_bbw_ema100,0.48857722724047675,0.011422772759523248,0.5009691263678295,0.4728995045740225,0.33748048636361555,0.03118126792034241
p8_ema50_dist,0.5113887336191532,0.011388733619153157,0.5156932239446559,0.5059428689578838,-0.022633815188535193,-0.0010189888746441368
p6_minus_di,0.4890731140989535,0.010926885901046512,0.47980782317147086,0.5007951802723662,0.038626162532333176,-0.007844509823872811
curr_bbw_ema10,0.4893867121832911,0.010613287816708894,0.48582949665990516,0.49388715540569855,0.34671266475158535,0.010299311748853384
curr_retrace_pct,0.5103973285543449,0.010397328554344942,0.5115423928540686,0.5089486401538158,0.004695067408517234,0.0006744188041333865
p8_leg_duration,0.5102604515867498,0.01026045158674982,0.5080833460799093,0.5130148362053685,-0.010922710212053788,-0.003294308802573639
p8_macd_line,0.5102100419992026,0.010210041999202613,0.5172559868685425,0.5012958014579115,-0.02654183650804478,0.0017185384531269103
p9_leg_size_pct,0.4898119196074308,0.010188080392569188,0.4970045695246679,0.48071207385493986,0.1940011948813684,0.021274221229116826
p10_leg_speed,0.489841550654844,0.010158449345155973,0.4933265059216962,0.4854325281460899,0.15740357459979515,0.01249853443956491
trend1_size_pct,0.4898419472763825,0.010158052723617472,0.49304478354067366,0.4857898501618424,0.04121244717005003,0.003867365644501265
mkt_bars_since_reversal,0.5099814873808581,0.009981487380858134,0.5086232769988562,0.511699839464981,0.015440975673753705,0.003045740006003106
p11_leg_duration,0.5099810505533164,0.00998105055331644,0.5084685563563983,0.5118945961939166,-0.002762098672423452,0.002523559249168419
p8_macd_signal,0.5098139796542637,0.009813979654263671,0.515053397445659,0.5031852830983122,-0.028042529253419414,0.00023921647249011945
trend1_bars,0.4902960579610084,0.009703942038991609,0.49349748170447505,0.4862457479098972,-0.009480896957447901,0.003805266589414716
leg_size_vs_avg,0.5096609563831033,0.00966095638310327,0.5066298827431872,0.5134957464681282,0.037548096643334805,-0.005035362175186184
p10_leg_duration,0.5094772541834324,0.009477254183432371,0.5080492966329527,0.5112838475252449,-0.010080354743557866,0.001534576435795654
p2_minus_di,0.49058586263766946,0.009414137362330544,0.47522463796782594,0.5100202542281655,0.05237747069682589,-0.0018441659858350527
p8_bb_position,0.5093093999471293,0.009309399947129315,0.5117081950766874,0.5062745427078673,-0.01181189023463573,0.001280881640321043
p8_plus_di,0.509278075974481,0.009278075974481048,0.5185005704523853,0.4976101541142765,0.00900599204070701,0.00579786675209021
p8_ema20_dist,0.5092314836264527,0.009231483626452652,0.5142438582122467,0.5028900328246941,-0.013687661834002291,-7.58744379192465e-05
leg_duration_vs_avg,0.49079588073469443,0.009204119265305566,0.49415561579738293,0.4865452816937995,-0.012934108461038506,-0.0001512657541858109
p7_macd_signal,0.5091041512143941,0.009104151214394118,0.5122810674932281,0.5050848470026479,-0.02889595611955841,-0.00010581442925688695
p7_ema50_dist,0.5090285235281882,0.00902852352818817,0.5111617263523358,0.5063296827835547,-0.025567745324773263,0.0014836823837431781
p8_rsi,0.5090066788491581,0.009006678849158067,0.5133323827688847,0.5035339756183053,-0.02075307506351321,0.002124194209673912
p7_macd_line,0.5089467614159032,0.008946761415903226,0.5113786107437686,0.505870085360276,-0.02687160111158253,0.0005719508871155671
p14_leg_duration,0.5088183098396404,0.008818309839640381,0.5067807697278377,0.511396122043107,-0.004858423523887416,0.001901623884739353
p9_leg_speed,0.4912716070989408,0.008728392901059201,0.49747958455676916,0.48341752856721665,0.16742356358499044,0.019872546211660683
p1_leg_duration,0.49132484606256666,0.008675153937433344,0.49108804168267695,0.49162444125422855,-0.01940155555407256,-0.0022922924770324943
curr_leg_size_pct,0.4913340272102195,0.008665972789780485,0.4915271033058753,0.4910897552507639,0.30218346365605003,0.010155461280865878
p4_macd_signal,0.5086121783229223,0.00861217832292227,0.5170286246006819,0.4979640355948582,-0.04198580092547677,0.002637724633147668
p6_ema50_dist,0.5084507450047497,0.008450745004749738,0.5131755519454057,0.5024731129963809,-0.032185852929223026,0.0016266595693256183
p8_leg_size_pct,0.4915874720637764,0.008412527936223602,0.4993425680256618,0.48177604263777274,0.20171047513738058,0.015974365112336665
p4_ema50_dist,0.5082259258542946,0.008225925854294602,0.5157014890521587,0.49876814981954887,-0.034740766606974574,0.0007325288984984563
mkt_trend_streak,0.5082100264194734,0.008210026419473437,0.5008376709232107,0.5175372283020154,0.028621906246355428,-0.005553461040982071
p15_trend_state,0.49184238569895666,0.008157614301043337,0.4915478121522502,0.49221506807174503,-0.006424507935243109,0.0035977546702268943
p1_minus_di,0.4919796913363537,0.00802030866364628,0.47683039148307127,0.5111459643385661,0.04940084782928577,-0.003643390872967935
p1_cp_body_pct,0.4920440125894638,0.007955987410536214,0.4911977780508834,0.49311463382921816,-0.01387487551359818,0.000797117506040955
p6_trend_state,0.4921851036123483,0.007814896387651704,0.4899404986053536,0.49502488583085597,0.01099983777242136,0.0024576212782935793
p4_rsi,0.50775089503448,0.00775089503448001,0.5121106742010905,0.502235081198469,-0.025947071813376403,-0.0009384168790395099
p4_macd_line,0.507712351267899,0.0077123512678990425,0.5156743202976349,0.49763919451894134,-0.03884036655471323,0.001475320386184526
p6_macd_signal,0.5076907905559062,0.007690790555906157,0.5123153972312037,0.5018399278147211,-0.039578926945777415,0.0011077179312747253
p7_bb_position,0.507220828994434,0.007220828994433992,0.5094099460847984,0.5044512478128558,-0.0140267690795603,0.00767810208114301
p15_leg_duration,0.5070440109559735,0.007044010955973512,0.5036507195796222,0.511337064068993,-0.003654727961838065,0.0018320811487052416
curr_adx,0.507003315488411,0.007003315488411044,0.5005351169380843,0.5151866150764255,0.04274217590905831,-0.008912224670264063
p6_macd_line,0.5069497488555708,0.006949748855570759,0.512807343440525,0.4995389603677327,-0.03750735141182659,0.0030360239606794116
p4_plus_di,0.5068932811750811,0.006893281175081145,0.5147955265784285,0.49689568430936093,0.009025512948831301,0.006020026288708194
curr_leg_duration,0.49313169083176106,0.00686830916823894,0.49608856108697347,0.48939077982647494,-0.02263509790771868,-0.0009089089745772978
p13_leg_duration,0.506861980121797,0.006861980121796951,0.506496691650336,0.5073241281178357,-0.008970255945369017,0.0010278827764265172
p1_leg_speed,0.4931726285065022,0.006827371493497825,0.49413816576879777,0.4919510703525154,0.2200840293360196,0.011100714353331114
p7_rsi,0.5067574357731038,0.006757435773103837,0.5084901105966529,0.5045653266318348,-0.020349918618078455,0.005165954878540624
p5_trend_state,0.493249505492285,0.006750494507714977,0.4903226562831275,0.49695243510106624,0.004496112559797858,-0.001165376115296729
p5_macd_signal,0.5066894928719976,0.006689492871997604,0.5116518447581887,0.5004113287386779,-0.03442226325637431,0.0023341236267112953
p4_ema20_dist,0.5066284894881932,0.006628489488193168,0.5113303846917521,0.5006798444701412,-0.022388486068699906,-0.0012323484528856726
p1_cp_lower_wick,0.5065776364692195,0.006577636469219494,0.5054750287997457,0.507972610482021,-0.0020015587530483785,-0.00011283609943247483
p4_bb_position,0.5065451779880468,0.006545177988046769,0.509846363374364,0.5023686535969635,-0.01708147088982236,-0.0013373726247964907
p7_ema20_dist,0.5064915579414343,0.0064915579414343005,0.5089925649371398,0.5033273864401518,-0.018005842291791755,0.004448265467973969
p5_ema50_dist,0.5063114024162465,0.006311402416246503,0.5109134239806219,0.500489113431335,-0.030164680059000387,0.0039024741206186726
p19_leg_speed,0.5062889090026725,0.006288909002672538,0.5144199887763825,0.49600180027454693,0.1280693159601446,0.02329669670724124
p5_macd_line,0.506227677979082,0.006227677979081969,0.5101755043188843,0.5012330499680995,-0.0309992863020577,0.003806036797051692
curr_minus_di,0.49397257957653434,0.006027420423465657,0.47023319950568543,0.5240066698478799,0.05965686699017847,-0.009525217640200699
p13_leg_speed,0.4940105777457099,0.005989422254290111,0.5003580070941601,0.48598007039996666,0.14381662514097687,0.018551232653555714
p4_trend_state,0.4940263905531039,0.005973609446896122,0.485487778090604,0.5048290929288778,0.011161155376330476,-0.0028715931320003533
p6_stoch_cross,0.4941355224650291,0.00586447753497088,0.48969926193205526,0.4997480973897702,-0.015852684368540978,-0.004868234717880678
p11_leg_size_pct,0.49415887321820706,0.005841126781792938,0.4971486050283564,0.4903763871210487,0.18454865164063053,0.019671656547725784
curr_cp_consec_dir,0.5058150045336425,0.005815004533642476,0.5088762775488158,0.5019420074373178,0.007435185278865138,0.002369914573877744
p3_retrace_pct,0.4942015078970532,0.005798492102946806,0.4913337282367177,0.49782970513471436,-0.004908469398778185,-0.002065559936656478
p5_retrace_pct,0.49428472538896023,0.005715274611039767,0.49072822695487356,0.49878426137938925,-0.008354879103002838,-0.0027219648312805356
p20_leg_duration,0.5057148867299367,0.005714886729936697,0.5078216318177146,0.5030495192285025,-0.012745592110594924,0.004505612869141793
curr_ema50_dist,0.5057140647405385,0.005714064740538483,0.5254262617651972,0.48077500133120554,-0.04242352828531661,0.004056176666790528
p14_trend_state,0.4943108177253982,0.005689182274601801,0.49186803838179466,0.49740132198877013,-0.0024539559338415317,-0.0003742586613216842
p10_leg_size_pct,0.4943832749643103,0.005616725035689718,0.49853875945689113,0.48912592637311403,0.18942038866464164,0.0157830438253478
p14_leg_speed,0.49440055363984914,0.0055994463601508615,0.49876141728690515,0.4888833677636458,0.13515354484835643,0.014954218603595271
p16_leg_duration,0.505594225406695,0.005594225406694964,0.5007850895799768,0.5116785468639422,-0.007234487217018015,0.0016523243928207624
p7_trend_state,0.49442800754190197,0.0055719924580980296,0.49323059805518754,0.49594292092668346,0.004011227374433596,-0.0027932388078420766
p17_leg_speed,0.5055695070667134,0.005569507066713442,0.515757200543608,0.49268045500938606,0.13407196223014933,0.021719526546713632
p7_retrace_pct,0.4944422323092864,0.005557767690713589,0.49186980045945344,0.4976967676073519,-0.011228568887609187,0.0003994764019427235
p3_adx,0.49450051702919495,0.0054994829708050474,0.49015666418594744,0.4999961815339199,0.03776541315105843,-0.004353872891787577
htf_macd_signal,0.505437984489889,0.0054379844898889695,0.5030341043763458,0.5084792750423881,-0.03987802584501158,-0.003281866267844125
p16_leg_size_pct,0.5054273477683822,0.0054273477683821625,0.5123229164029303,0.49670335707341906,0.17200512329319986,0.0221246981112746
curr_rsi,0.5053899835721262,0.005389983572126167,0.5208222153982217,0.48586575663907183,-0.033067191027900775,0.0035774789452425043
p6_rsi,0.5052774178344516,0.00527741783445157,0.5092989146747129,0.5001895849270263,-0.02698491716276581,0.005325511105208437
p18_leg_duration,0.5052237125200352,0.005223712520035173,0.5043014503034207,0.5063905208606485,-0.006745468865330065,0.0001452780378430203
p6_bb_position,0.5052177606719419,0.005217760671941907,0.5085369838793597,0.5010184155692132,-0.017243255901439415,0.0060816624223251495
p17_leg_size_pct,0.5051641781120859,0.005164178112085915,0.5128233749739908,0.4954740762951926,0.16843030856457533,0.020374008418172097
htf_macd_line,0.5051377596602888,0.005137759660288843,0.5027283141775439,0.508186091289703,-0.03972442032271959,-0.0022824464192655034
ltf_trend_state,0.4948830924937351,0.005116907506264923,0.49260132315680705,0.4977698934986121,0.017021433107804334,-0.015970191905218756
p3_ema50_dist,0.5050387501438011,0.005038750143801063,0.5138036406494119,0.4939497700660428,-0.03642227497167383,-0.00047379724757749315
p18_leg_size_pct,0.5049746398265338,0.004974639826533789,0.5136899742950949,0.4939483560148869,0.160354705092634,0.022568545375501414
p13_leg_size_pct,0.49503043700685273,0.00496956299314727,0.5034294444259002,0.4844043572077794,0.17462479736620268,0.020997203441854212
p20_leg_size_pct,0.5049453960775281,0.004945396077528086,0.5121370125152257,0.4958468578409743,0.1461749447287039,0.019787115761517475
p4_stoch_cross,0.49511429080246216,0.004885709197537835,0.49289366773283416,0.4979237320571537,-0.012425341606501116,-0.003660565007844755
curr_stoch_k,0.5048127749250808,0.004812774925080809,0.510677668978951,0.4973927514484728,-0.017419943887016582,0.003146800757088096
legs_contracting,0.4951889659754336,0.004811034024566396,0.4915036767494345,0.4998514427949354,0.02238529243693973,-0.0006578852602062586
p7_plus_di,0.5047702272621255,0.004770227262125504,0.5074058006167947,0.5014358079211548,0.01152302098888047,0.006143773066614928
curr_leg_speed,0.5047555279862106,0.004755527986210595,0.5005199502728122,0.5101142072362944,0.24050837927990693,0.0074533210286953176
p3_macd_signal,0.5047328624831738,0.004732862483173839,0.5132547564146166,0.49395131170737755,-0.04291584329017748,0.0002085963588672306
p8_stoch_k,0.5047267810824037,0.004726781082403653,0.5055551680360273,0.5036787398753255,-0.010565229055420355,0.001172936234528132
p3_macd_line,0.504610886598437,0.004610886598437003,0.5127391920355153,0.4943272878472608,-0.038302125466899185,-0.0003192689343794466
p2_cp_gap_filled,0.504572854438679,0.004572854438679053,0.5011943370717518,0.5088472160807594,-0.013506569912246668,-0.0015072687534867925
trend4_size_pct,0.504564737681835,0.004564737681834963,0.5040201327099243,0.5052537495616639,0.044971175777184846,-0.002307491880161011
p1_stoch_d,0.5045400286649846,0.004540028664984597,0.5009278102197167,0.5091100593288524,-0.010115053805054158,-0.0044267386946176815
p6_plus_di,0.5045241350571205,0.00452413505712046,0.5113792739137104,0.49585129445947324,0.0042383146878519,0.009509670225609036
p3_rsi,0.5045020106841553,0.004502010684155344,0.5100465353268532,0.49748730545034114,-0.02464551475441811,-0.0006958776826767054
p6_ema20_dist,0.5044929645276726,0.0044929645276725605,0.5088710365240683,0.4989540073534849,-0.022905794786842296,0.004734653687359033
curr_cp_outside,0.4955323046539758,0.004467695346024203,0.49367043934645594,0.49788786029832066,-0.022753504340623683,-0.008996919704873164
p19_leg_size_pct,0.5044610959287783,0.0044610959287783025,0.5129570059776845,0.49371241889574086,0.154183473453184,0.024138220350855725
p5_rsi,0.5044589673413928,0.004458967341392839,0.5070493027819675,0.5011817811544282,-0.020286623752379048,0.005265514514231189
p2_cp_body_pct,0.49560553629547077,0.004394463704529228,0.49733988695651776,0.4934113069533147,-0.015294526218110449,0.003536553626726093
curr_bb_bandwidth,0.49571183960824494,0.004288160391755058,0.493366155624942,0.4986795028030005,0.3267782797162899,0.008923982448628772
p4_stoch_k,0.5042870882316703,0.004287088231670344,0.501332784838353,0.5080247517485368,-0.00848407012894879,-0.005221716795379681
p3_stoch_cross,0.4957685865942059,0.004231413405794082,0.4925016191900964,0.49990181979725223,-0.013206842783794609,-0.0076247687817048
p12_leg_duration,0.5042177853188046,0.004217785318804568,0.49784936039616895,0.5122748554041181,-0.0130569165240371,-0.004402254798207355
p16_leg_speed,0.5041841006516509,0.004184100651650868,0.5135552993290701,0.4923280443355915,0.13849601611972573,0.017529608663130494
p1_cp_3bar_dir,0.4958240442688186,0.004175955731181402,0.5023221210232619,0.48760294400206255,-0.0040436662567409545,0.006908064343741759
p1_cp_momentum,0.4958240442688186,0.004175955731181402,0.5023221210232619,0.48760294400206255,-0.0040436662567409545,0.006908064343741759
curr_ema20_dist,0.5041635398454759,0.004163539845475905,0.5201580842598773,0.4839278980824011,-0.028618003163716762,0.004606103271253334
curr_cp_gap_pct,0.4958479961697252,0.004152003830274809,0.5017170819086189,0.48842266954509883,-0.007961471273034296,-0.00021666518595945348
p3_trend_state,0.4958937836207625,0.004106216379237526,0.4919293856006051,0.5009093774422355,0.015662843723793812,0.0014908697964130385
p3_plus_di,0.504092960829031,0.004092960829030989,0.5109897598138338,0.49536741354537434,0.01709302073810958,0.005012532015999902
p20_leg_speed,0.5040578031071523,0.0040578031071523135,0.507780771577202,0.4993476560530532,0.12476687032712201,0.014502328615358929
p6_leg_duration,0.5040506293461798,0.004050629346179835,0.5064505465678695,0.5010143524819624,-0.01167154735227114,0.00400270659030435
p17_leg_duration,0.504039670005488,0.004039670005487994,0.4970909054181041,0.5128309620387663,-0.004346228230505241,-0.0038904542574531146
p18_leg_speed,0.5039329158804753,0.003932915880475285,0.5110811941522188,0.4948892073144764,0.12947861606464192,0.021188043636854306
curr_cp_bullish,0.5039137246034231,0.003913724603423097,0.5055387473640377,0.501857812438083,0.006006018110135901,0.0006596207711086834
p2_cp_lower_wick,0.5038875877878801,0.00388758778788012,0.5017780159937686,0.5065565315222633,0.0006016170234304446,-0.004236648569019306
p9_leg_duration,0.5038669496774093,0.0038669496774093037,0.5020906847984695,0.5061142071694196,-0.0159725351556452,-0.0012451749137263068
p17_retrace_pct,0.5038472196010682,0.0038472196010681525,0.5033031987080245,0.5045354925282637,-0.002246813231369551,0.0026658267148751396
curr_bb_position,0.5038370954575437,0.0038370954575437377,0.5181222248715713,0.4857641354611872,-0.025293324154214595,0.003980271684821631
p13_trend_state,0.49616799050474203,0.003832009495257971,0.49521884796216753,0.4973688067315762,-0.0019854271217244843,0.003246237729416312
max_retrace_last10,0.5038308532327608,0.003830853232760778,0.49923487959022284,0.5096454906349486,0.05344991000976351,-0.004090370122283853
p5_ema20_dist,0.5037480980127743,0.0037480980127743146,0.5061911351433017,0.5006572676079564,-0.020591896578059442,0.004906009187593432
p16_retrace_pct,0.5037107035163422,0.003710703516342173,0.5035615160934538,0.5038994493265951,-0.0005698191481231803,0.0075343138214464
p1_stoch_cross,0.49643960342170523,0.0035603965782947666,0.4951811223906933,0.4980317820201936,-0.013522459099120967,0.0016804075830045232
p9_trend_state,0.496454492073722,0.003545507926278002,0.49459554194101935,0.49880635955841995,0.00041952070158090437,0.00029917976056671345
p8_trend_state,0.49649116713519875,0.003508832864801248,0.49452841989260526,0.49897435446730076,0.0077494470648052025,-0.0025489830666362394
p2_ema50_dist,0.5035084094392606,0.0035084094392605625,0.5153393739210174,0.48854035828621034,-0.04327248288455856,-0.003372763522066699
p7_stoch_k,0.5034626701577344,0.003462670157734382,0.5021041884964308,0.5051813654533062,-0.010965260312408064,0.00633555014363344
p3_ema20_dist,0.503449626708762,0.0034496267087620325,0.5088700548099907,0.4965919233308397,-0.023057686370617038,-0.0010355794388958
curr_cp_range_exp,0.49656741364423634,0.003432586355763656,0.4939855048827979,0.4998339387422797,0.0033649825003752624,-0.005353037671353746
ltf_zigzag_count,0.49656919067188393,0.003430809328116069,0.49467184960602706,0.49896962879105156,0.014380044396333695,-0.010783264540204538
curr_stoch_d,0.5034171398697319,0.003417139869731911,0.507846479303564,0.4978133212358368,-0.02650305538489804,0.0009716780474211605
p5_plus_di,0.5033923135368144,0.003392313536814351,0.5063675147004519,0.49962821101781746,0.0139509789974169,0.00854098410428437
p2_trend_state,0.49661255605113563,0.003387443948864366,0.4854215915047717,0.5107709055280729,0.02591838567342933,-0.002928774994263165
p3_bb_position,0.5033685144964126,0.0033685144964126223,0.5077464783535652,0.49782969413556105,-0.0182523829871094,-0.0014035106614927846
p2_adx,0.49664610728097436,0.003353892719025642,0.49331077484907454,0.5008658331139854,0.04592588352042109,-0.0019258661973086785
curr_macd_line,0.5033356541494399,0.003335654149439926,0.5210455708259827,0.4809297937363263,-0.04701623523476445,0.001755359154642911
p1_cp_gap_pct,0.4966822781164404,0.00331772188355961,0.4965701299212374,0.4968241634145588,-0.0033707886518347077,-0.004303603081201871
htf_ema50_dist,0.5033122043379934,0.0033122043379933963,0.5055125871007733,0.5005283702896058,-0.04323592966594934,0.014455366980026698
p19_leg_duration,0.5032913813187543,0.003291381318754283,0.5003832277217756,0.5069706580055895,-0.009818053268934186,-0.00211095745222441
p12_leg_speed,0.4967246560207155,0.003275343979284473,0.5058667017664282,0.48515851459781145,0.14986706305439673,0.021352611816015228
p2_stoch_cross,0.4967740278272243,0.003225972172775704,0.49571943937586976,0.49810824989421054,-0.011627545132500156,0.002841907353911457
p8_stoch_d,0.5032237775465443,0.0032237775465443486,0.5075361592402301,0.49776792904982214,-0.02182415921346524,0.0038257942131893078
p4_leg_duration,0.5032010691182578,0.0032010691182577933,0.5029205406099327,0.5035559822843799,-0.012478705949681002,-0.002821635598123599
curr_cp_body_ratio,0.49679973946913947,0.0032002605308605325,0.4951829721027649,0.4988452072481858,-0.0016371981476677529,-0.007188226267024219
p7_leg_duration,0.5030633804555551,0.003063380455555098,0.5024991293225489,0.5037772478528434,-0.01027222364995994,-0.000192996672643502
p12_retrace_pct,0.5030502826216509,0.003050282621650857,0.4975792127127577,0.5099720559381461,-0.006092915985733705,-0.0033033151473301813
p5_bb_position,0.5030299051703889,0.0030299051703889246,0.5055684780341155,0.4998182068732132,-0.015142875422055146,0.005716407474304637
p1_ema50_dist,0.5030047744760849,0.003004774476084937,0.5153225568076363,0.4874208213406411,-0.04070247403592763,-0.0029188739487765224
curr_macd_signal,0.5029528151122123,0.002952815112212348,0.5198164262000518,0.4816176658285552,-0.05005565665818963,-0.0010093946939593098
p8_macd_hist,0.5029487486731664,0.0029487486731664125,0.5108032077096785,0.4930116091593649,-0.0054746213828770545,0.005065613941492929
p7_stoch_d,0.5029466966131493,0.00294669661314928,0.4988297359623617,0.5081553064193155,-0.010738396072385453,0.0021609392738486596
p7_stoch_cross,0.4970598651231083,0.002940134876891709,0.4941591747282612,0.5007296996726228,-0.015558256053057103,-0.005111919291763504
p12_leg_size_pct,0.4971403835685412,0.0028596164314588224,0.5020043906357063,0.49098664126778535,0.17761123290599182,0.01862516533676417
trend3_bars,0.5027411782865376,0.0027411782865376377,0.49869882266873383,0.5078554008640297,0.0049451089163155115,0.0012868855828903102
p2_rsi,0.5027053533780845,0.0027053533780845296,0.5104282263166029,0.49293469119999256,-0.03426145439602961,-0.0038795371810219797
p8_retrace_pct,0.5026152637673447,0.0026152637673446666,0.5020805160767762,0.5032918046190014,-0.0033072462163628484,-0.0010672962320985315
p8_stoch_cross,0.49739524281878955,0.0026047571812104486,0.49704475129399184,0.49783867032463436,-0.019613071827766216,0.002475236235996822
p10_retrace_pct,0.5025845593944556,0.0025845593944555656,0.5015318210210309,0.5039164408187042,-0.0056420565481225945,0.00012956933732463015
p4_stoch_d,0.5025840204009346,0.002584020400934639,0.502885182906384,0.5022030019477143,-0.019760580863465355,-0.0036800188478259047
p5_stoch_cross,0.497476795354855,0.002523204645144994,0.49620944232686126,0.49908019844014306,-0.01046876089742086,0.0008310983341891075
p1_stoch_k,0.5025136130854888,0.0025136130854888084,0.499747159069864,0.5060136172721539,-0.011359548169627124,-0.0044592331707160515
ltf_trend_reversal_flag,0.49753435558977865,0.002465644410221346,0.4974406261916694,0.4976529381810466,0.0030118460162078557,0.0016137598960719907
htf_bb_position,0.5024003112089155,0.0024003112089154843,0.5067876083418423,0.49684968277025016,-0.025176406402918315,0.022152370846522034
curr_cp_body_pct,0.49760438473571644,0.002395615264283557,0.49593420141483524,0.4997174321901711,0.004423425870382058,-0.0007434519462450816
p1_ema20_dist,0.5023612702086719,0.0023612702086719395,0.5098484985937887,0.49288873585732595,-0.024418448100250807,-0.003231639431543915
p2_bb_position,0.5023588996083398,0.002358899608339793,0.5086272716675097,0.49442841230337986,-0.02482472052189394,-0.004061417400581231
p3_stoch_k,0.5023397846644241,0.0023397846644240827,0.5018843374019178,0.5029159978660798,-0.008735313460781012,-0.002542774175766196
curr_cp_upper_wick,0.502281630468352,0.0022816304683519473,0.5071940490981159,0.4960666398436327,-0.0023719072650050525,0.003360647428722661
p1_macd_hist,0.5022072889857837,0.0022072889857837064,0.4999750054135289,0.5050314826302786,0.004094992521521628,-0.0010970324252391347
p1_cp_gap_filled,0.5021949127233857,0.002194912723385678,0.4982843511922361,0.5071423948264431,-0.013392851576627321,-0.001928240321830954
p6_stoch_k,0.5021634797866419,0.0021634797866418864,0.5017850573492917,0.5026422443377868,-0.0110209038696983,0.00291006930687419
p4_macd_hist,0.5021450361081705,0.002145036108170517,0.5045133377945417,0.49914875792289476,-0.0008142125856562866,-0.0017938594559372516
p4_retrace_pct,0.5021095823768771,0.002109582376877084,0.5012333764639079,0.5032181221705812,-0.0024970144060918677,-0.005580218122644185
p2_ema20_dist,0.5021022891632865,0.002102289163286475,0.5096359747099075,0.49257097911610465,-0.029200674863405093,-0.005197639596227433
p1_cp_overlap,0.5020910293458463,0.0020910293458462625,0.5039810936655237,0.4996997974675736,-0.0010046346429325136,0.0012421169572826615
p1_cp_body_ratio,0.49797412943521396,0.0020258705647860364,0.4950084499083098,0.5017261855698348,-0.014645869134763368,0.0029926122416976315
p1_cp_consec_dir,0.5020152563741794,0.0020152563741794305,0.5066056977317684,0.4962076181920667,-0.005749962834538027,0.004222512066296637
htf_stoch_k,0.49798559688655464,0.002014403113445362,0.505081240435708,0.48900847961337635,-0.03177238575552175,0.01575078327183303
p11_trend_state,0.5019862299706692,0.0019862299706692177,0.49635647374510095,0.5091087667083497,0.002474610061426559,-0.0013113044518113504
p1_plus_di,0.49801411323709716,0.0019858867629028443,0.5091397907507638,0.4839383622369408,0.014871878705399017,0.0028568801400619963
p1_adx,0.49803718876367364,0.001962811236326356,0.4933233820330818,0.5040009037573149,0.04351580440839275,-0.006963512828431935
p1_rsi,0.5019612989467577,0.0019612989467576725,0.5089756348031866,0.4930870488325258,-0.029450780434154597,-0.00328333547819538
htf_ema20_dist,0.5018920801363043,0.0018920801363042639,0.5061358941651882,0.49652298063758504,-0.0320672339814444,0.023394888365534463
p1_macd_line,0.5018192084065188,0.0018192084065188352,0.5122415808873619,0.4886332500960231,-0.040265024620156534,-0.004435782601524586
p18_retrace_pct,0.5018166694071299,0.0018166694071298783,0.501794206103791,0.5018450890574433,-0.004320148878295136,0.0015040717082404826
curr_cp_engulfing,0.501786379330882,0.001786379330881993,0.5014508433459817,0.5022108857008759,0.006292301608091141,-0.0008508252593719766
min_retrace_last10,0.5017775627565044,0.001777562756504425,0.49842909750838454,0.5060139036901075,-0.0136386110562728,-0.0033478668120682214
p2_retrace_pct,0.5017249459176524,0.0017249459176523763,0.4993477447156221,0.5047324834052298,0.005262456863343596,-0.002180623769962277
p14_leg_size_pct,0.49830860220447604,0.0016913977955239634,0.5042757024783056,0.49075927160917376,0.17038898596807847,0.01755343914475457
trend5_size_pct,0.5016860033929819,0.0016860033929818607,0.5040449287279439,0.4987015877830472,0.033122454228851,0.004069365163731921
p9_retrace_pct,0.49834590075034996,0.0016540992496500428,0.4989059994624074,0.4976372868257828,-0.007232505770654935,0.004018270210842761
p16_trend_state,0.4983486850646278,0.0016513149353721834,0.4936265894509932,0.5043228868132229,0.0020784568524684997,0.0015253674289347962
curr_cp_overlap,0.5016486341466966,0.0016486341466965815,0.4993816776644506,0.5045166945352071,-0.015416616040423822,-0.005471142542773536
p5_adx,0.4983848211325839,0.0016151788674160783,0.49589743495332406,0.5015317601353982,0.04217088750703418,-0.001972159826244192
htf_macd_hist,0.4984383712557125,0.001561628744287502,0.49719736245094,0.5000084447099831,-0.013289644490706654,0.004990200667471405
curr_cp_3bar_dir,0.5015310335297256,0.0015310335297256117,0.509209153736307,0.49181699067306817,-0.006108238285152042,0.001170087992203514
curr_cp_momentum,0.5015310335297256,0.0015310335297256117,0.509209153736307,0.49181699067306817,-0.006108238285152042,0.001170087992203514
p18_trend_state,0.50149433302387,0.0014943330238700314,0.4977226865911415,0.5062660654403903,0.004794391711804815,0.0005608485590160745
p2_macd_signal,0.5014877118526513,0.0014877118526512856,0.5133343907097574,0.48649977951625145,-0.050330734649186554,-0.002150734941719624
p2_macd_line,0.5014869694983318,0.001486969498331825,0.5133369578416456,0.4864948501356819,-0.0469296260474562,-0.0024175850033539632
p3_stoch_d,0.5014653145838676,0.0014653145838675607,0.4995518487407554,0.5038861531100485,-0.01046407277671647,-0.003875697371358461
p5_stoch_d,0.5014595439541364,0.0014595439541363886,0.49866119968516354,0.5049998943817298,-0.0067988920404527435,0.001432007009566366
mkt_trend_state,0.4985433231029307,0.0014566768970692978,0.48758920540751816,0.5124020236555605,0.025564894117166767,-0.0031523560659370378
p2_cp_range_exp,0.4985482406661597,0.0014517593338402857,0.4995642587473338,0.49726281625001123,-0.003785203313339547,-0.00029953982306851333
p7_macd_hist,0.5014508454727535,0.001450845472753537,0.5008044623493111,0.5022686228966545,-0.00471529908301602,0.005010889183239032
htf_stoch_d,0.49855616921229334,0.001443830787706657,0.499934174732243,0.49681277313130623,-0.03339436604057271,0.001407702035064373
p2_cp_consec_dir,0.49855738724053444,0.0014426127594655558,0.49668083235451893,0.5009315275372701,0.00888992333116975,0.0034170316001681574
p2_cp_outside,0.4985918799123897,0.0014081200876103206,0.5008842072307347,0.49569172138233636,-0.010382823045123083,0.0007226900850402678
p2_cp_inside,0.49861997788742074,0.00138002211257926,0.498640578820957,0.4985939144310182,0.0018473855131237247,0.0020129850928621777
p15_leg_speed,0.49863543796968546,0.0013645620303145423,0.5064182185111656,0.4887889831487392,0.137248760242933,0.01783231953884086
p2_cp_body_ratio,0.5013427482341565,0.0013427482341564767,0.4970800067573922,0.5067357939638452,-0.01832608739699403,0.00024215659033561353
curr_plus_di,0.5012720674401964,0.0012720674401963672,0.5205479815864325,0.476884971239581,-0.00020576514445537982,0.007745725207530731
p14_retrace_pct,0.5012658254096453,0.0012658254096452604,0.49863973481809976,0.5045882475475367,-0.006239699429732227,-0.000521873319965984
ltf_ema20_dist,0.4987421019710969,0.0012578980289030817,0.49962320088836876,0.49762737174897875,-0.001553467299570202,0.0004284529847918037
p8_adx,0.5012144304836723,0.001214430483672313,0.4998445285531873,0.502947574235543,0.04050936381363115,-0.0014658557340378887
p15_leg_size_pct,0.5012025926320995,0.0012025926320995417,0.5091855174832354,0.49110292343716544,0.17200948463663868,0.021221688628408574
p2_cp_gap_pct,0.49881252521355857,0.0011874747864414337,0.5008661889694884,0.4962143140366656,-0.007828610239866194,-0.004590698355575503
p1_macd_signal,0.5011777268701063,0.0011777268701063104,0.5126205572968463,0.4867007270086638,-0.045806849759600886,-0.004079917934740351
p12_trend_state,0.5011620453634762,0.001162045363476194,0.49682499548451514,0.5066491030367302,0.005301554479979339,0.0010124589111181498
p7_adx,0.49885951729083583,0.00114048270916417,0.4972166886210229,0.5009379567623915,0.04039854962637861,0.0003857026824073788
p6_macd_hist,0.49895379842596466,0.0010462015740353436,0.504041341281106,0.4925172478119793,-0.006285247256506122,0.0042475410666690935
mkt_last_break_type,0.4989755891085265,0.0010244108914734817,0.4994353130549282,0.49839396522176466,0.009540612801788886,-0.007342471281877317
curr_macd_hist,0.5010149442229285,0.001014944222928471,0.5092299383934041,0.4906216704407871,-0.010679842227634625,0.007366058336396834
p2_plus_di,0.5010114507679859,0.001011450767985922,0.513178341640882,0.4856183993189761,0.006309229556396199,0.003864582915624584
p2_stoch_k,0.5009977884961819,0.0009977884961819283,0.4984013459154641,0.5042827011864425,-0.014775672980764088,-0.0070086079789383315
p1_cp_engulfing,0.49900632261620076,0.0009936773837992408,0.5006106703211811,0.4969765676835022,-0.0010300714436660592,-0.00281411632385821
p20_retrace_pct,0.49901295738365237,0.0009870426163476331,0.49752112570275936,0.5009003616562101,-0.011136856477645502,0.005340413290100818
ltf_ema50_dist,0.4990215550586794,0.0009784449413205998,0.499616449213266,0.4982689193669543,-0.003324118224824399,0.001300705158712737
p2_cp_upper_wick,0.5009732257359518,0.0009732257359518215,0.5013494760642045,0.5004972092481733,0.011214942085927455,0.0011621387642539447
p19_trend_state,0.5009647236230194,0.000964723623019359,0.5019088927730578,0.499770199528496,-0.0003072628274054446,0.010178260933256104
p1_cp_inside,0.5009640393440378,0.0009640393440377704,0.49974563033621716,0.5025055204618719,0.003396211118053679,-0.0010447096112484735
p5_macd_hist,0.49904019918447096,0.0009598008155290438,0.4990488685937913,0.4990292310032738,0.000489883865171449,0.005249336243529995
p2_cp_overlap,0.5008354939537675,0.0008354939537674744,0.5036788763078244,0.49723816318763836,-0.00042329047187067897,-0.0004211419660445983
p2_cp_momentum,0.5008260397160641,0.0008260397160640975,0.5016467865902943,0.4997876644241657,-0.0010366762350436391,0.0011111002614070436
p2_cp_3bar_dir,0.5008260397160641,0.0008260397160640975,0.5016467865902943,0.4997876644241657,-0.0010366762350436391,0.0011111002614070436
ltf_bb_position,0.49918723875350646,0.000812761246493543,0.49998979372070096,0.4981718791164607,0.0031362712046374987,-0.0007294379744033754
p5_leg_duration,0.5007780568618679,0.0007780568618679373,0.5014017197367445,0.49998902416484603,-0.011320362782749957,0.0003876287186702527
p1_cp_bullish,0.5007686162203975,0.0007686162203974778,0.5053391937210172,0.4949861089756377,-0.006258199914660105,0.002687698926231806
p1_cp_upper_wick,0.5007685987395266,0.0007685987395266158,0.5024730535638968,0.4986121923841042,0.012805279493258317,0.001483083832402341
p2_leg_duration,0.499244121896029,0.0007558781039709861,0.49736881570216657,0.5016166823986532,-0.009339190468171816,-3.798355899261037e-05
p4_adx,0.5007556873682458,0.0007556873682458276,0.4998599303012495,0.5018889624803621,0.0471038110371157,-0.0004900106947696186
ltf_macd_hist,0.49926328403829645,0.000736715961703549,0.49886269832529206,0.4997700886570302,0.003854291212086044,-0.003515075222833157
p2_macd_hist,0.49927225755204874,0.0007277424479512629,0.5000842785712674,0.49824492185412156,-0.0043856677453287425,-0.004348251367344194
curr_stoch_cross,0.49928300984153573,0.0007169901584642702,0.49586049322298703,0.5036130375326504,-0.004981604816560526,-0.008567119810748286
p11_retrace_pct,0.5006903271687059,0.0006903271687058732,0.4963719481740849,0.5061537632046618,-0.0033251601677152915,0.0008603335878126071
p13_retrace_pct,0.4993282986992872,0.0006717013007128125,0.5004000458784235,0.49797236811347695,-0.006393577084131774,0.0021681866625693227
p1_cp_outside,0.4993389255149673,0.0006610744850327199,0.4979892878628764,0.5010464317327172,-0.006049779063055231,-0.0016577348221975367
p2_cp_engulfing,0.4993434064448864,0.0006565935551136048,0.49428574594538466,0.5057421511277935,0.017095325236046045,-0.002910729039906283
p6_adx,0.5006538012773277,0.0006538012773277257,0.49804335690459556,0.5039564284607243,0.043767838774777114,-0.0020521464099496687
ltf_macd_line,0.499380035667635,0.0006199643323649973,0.4990385545102541,0.4998120636260791,-0.0037152477089778444,4.4831394458801104e-05
p17_trend_state,0.49941887855134104,0.0005811214486589611,0.49711147724877003,0.5023381080681529,0.00017675572770834038,0.0028736608402051026
curr_cp_gap_filled,0.5005659161986462,0.0005659161986462102,0.4972539864531011,0.5047560339124699,-0.027769075532459418,-0.011351507267054757
ltf_macd_signal,0.49943572350704846,0.0005642764929515431,0.49846140296097385,0.5006683939115283,-0.003007311704511465,-0.0007672664453602046
p3_leg_duration,0.5005400402365442,0.0005400402365441925,0.5028212546454611,0.49765394130383295,-0.014447257887308416,0.0030335849548472197
p6_stoch_d,0.5005398024966994,0.000539802496699382,0.5023037845656354,0.4983080847122692,-0.02220612516729794,0.0015209657525185323
p1_trend_state,0.500485736299414,0.00048573629941395247,0.49477302457895384,0.5077132249277779,0.023528640186430663,-0.0029366169456541942
p1_bb_position,0.5004756706196912,0.00047567061969122637,0.5062484525701425,0.49317218359942355,-0.023674630153894406,-0.0023861909427031125
p19_retrace_pct,0.5004015787251137,0.00040157872511370485,0.4983366108615339,0.5030140913954991,-0.00386823427446548,0.0031640634572669174
trend5_bars,0.5003880349347686,0.0003880349347685774,0.5002621639101943,0.5005472817939253,0.0029836535867494344,-0.0009938738552749712
p1_retrace_pct,0.5003880139577234,0.00038801395772336544,0.49882210689986345,0.5023691353598806,-0.0010032894238461458,-0.002759866786020252
p20_trend_state,0.5003407940464281,0.0003407940464280612,0.49593806115431316,0.5059109511747002,0.0002759282531131258,0.008241910103556408
p3_macd_hist,0.5002602239353099,0.00026022393530988897,0.5007259186157528,0.49967104612065905,0.003851914874454802,-0.0005192261190017761
p2_stoch_d,0.5002425970019754,0.00024259700197537537,0.50122736133518,0.49899671354624914,-0.026061490570125526,-0.005244683964965896
p15_retrace_pct,0.4997585274064903,0.00024147259350970618,0.5016503298721702,0.4973650964971651,-0.005428537071922077,0.0025614177930957317
p10_trend_state,0.5002346531115218,0.0002346531115218209,0.49617863639644766,0.5053661591491292,0.007506211921569245,0.0015457459608926357
p1_cp_range_exp,0.5002312387089622,0.00023123870896224474,0.5008431091253873,0.49945712534684267,-0.0010686312617524487,0.0017116622042195294
curr_cp_inside,0.5002196261663927,0.0002196261663927057,0.5013614729371221,0.4987750084516175,0.012669528379609668,0.007137387811580131
curr_cp_lower_wick,0.49978485651161353,0.00021514348838647113,0.4978514490163424,0.5022309243984316,-0.00556177615685147,-0.0011212670001905642
trend3_size_pct,0.4998292165524222,0.00017078344757781583,0.500752118870912,0.49866159838116253,0.04456515399165207,0.0077076072523830814
curr_direction,0.4998763682883207,0.000123631711679284,0.5042727848087659,0.49431420237449264,-0.012702386034698048,0.0012886716161370473
p6_retrace_pct,0.49988372987153995,0.0001162701284600498,0.5033395054366238,0.49551162432499757,-0.0075688292428507725,0.004684895150027473
p2_cp_bullish,0.49990091842347745,9.908157652255278e-05,0.4969309993917956,0.5036583382057089,0.012452718029970358,0.0005571452972854008
p5_stoch_k,0.4999316701889502,6.83298110498165e-05,0.4985750661854904,0.5016479899488082,-0.00840075104221005,0.0018648273828696588
